-- MySQL dump 10.17  Distrib 10.3.18-MariaDB, for debian-linux-gnu (x86_64)
--
-- Host: localhost    Database: jimmy_tdb
-- ------------------------------------------------------
-- Server version	10.3.18-MariaDB-1:10.3.18+maria~stretch

/*!40101 SET @OLD_CHARACTER_SET_CLIENT=@@CHARACTER_SET_CLIENT */;
/*!40101 SET @OLD_CHARACTER_SET_RESULTS=@@CHARACTER_SET_RESULTS */;
/*!40101 SET @OLD_COLLATION_CONNECTION=@@COLLATION_CONNECTION */;
/*!40101 SET NAMES utf8mb4 */;
/*!40103 SET @OLD_TIME_ZONE=@@TIME_ZONE */;
/*!40103 SET TIME_ZONE='+00:00' */;
/*!40014 SET @OLD_UNIQUE_CHECKS=@@UNIQUE_CHECKS, UNIQUE_CHECKS=0 */;
/*!40014 SET @OLD_FOREIGN_KEY_CHECKS=@@FOREIGN_KEY_CHECKS, FOREIGN_KEY_CHECKS=0 */;
/*!40101 SET @OLD_SQL_MODE=@@SQL_MODE, SQL_MODE='NO_AUTO_VALUE_ON_ZERO' */;
/*!40111 SET @OLD_SQL_NOTES=@@SQL_NOTES, SQL_NOTES=0 */;

--
-- Current Database: `jimmy_tdb`
--

CREATE DATABASE /*!32312 IF NOT EXISTS*/ `jimmy_tdb` /*!40100 DEFAULT CHARACTER SET utf8mb4 */;

USE `jimmy_tdb`;

--
-- Table structure for table `Situation`
--

DROP TABLE IF EXISTS `Situation`;
/*!40101 SET @saved_cs_client     = @@character_set_client */;
/*!40101 SET character_set_client = utf8 */;
CREATE TABLE `Situation` (
  `id` int(11) NOT NULL AUTO_INCREMENT,
  `user_id` int(11) DEFAULT NULL,
  `libelle` varchar(255) COLLATE utf8_unicode_ci NOT NULL,
  PRIMARY KEY (`id`),
  KEY `IDX_6EDC1869A76ED395` (`user_id`),
  CONSTRAINT `FK_6EDC1869A76ED395` FOREIGN KEY (`user_id`) REFERENCES `user` (`id`)
) ENGINE=InnoDB AUTO_INCREMENT=41 DEFAULT CHARSET=utf8 COLLATE=utf8_unicode_ci;
/*!40101 SET character_set_client = @saved_cs_client */;

--
-- Dumping data for table `Situation`
--

LOCK TABLES `Situation` WRITE;
/*!40000 ALTER TABLE `Situation` DISABLE KEYS */;
INSERT INTO `Situation` VALUES (21,4,'mission test'),(22,2,'Module de gestion du matériel'),(23,2,'Module de gestion des contrats'),(37,2,'Gestion des non conformités'),(38,2,'Logiciel AD_PROVIDER'),(39,2,'Gestion des actions'),(40,2,'Workflow interne');
/*!40000 ALTER TABLE `Situation` ENABLE KEYS */;
UNLOCK TABLES;

--
-- Table structure for table `backup`
--

DROP TABLE IF EXISTS `backup`;
/*!40101 SET @saved_cs_client     = @@character_set_client */;
/*!40101 SET character_set_client = utf8 */;
CREATE TABLE `backup` (
  `id` int(11) NOT NULL AUTO_INCREMENT,
  `libelle` varchar(255) COLLATE utf8_unicode_ci NOT NULL,
  `date` datetime NOT NULL,
  PRIMARY KEY (`id`),
  UNIQUE KEY `UNIQ_3FF0D1ACA4D60759` (`libelle`)
) ENGINE=InnoDB AUTO_INCREMENT=4 DEFAULT CHARSET=utf8 COLLATE=utf8_unicode_ci;
/*!40101 SET character_set_client = @saved_cs_client */;

--
-- Dumping data for table `backup`
--

LOCK TABLES `backup` WRITE;
/*!40000 ALTER TABLE `backup` DISABLE KEYS */;
INSERT INTO `backup` VALUES (1,'backup_14-03-2020_1584204137.sql','2020-03-14 17:42:17'),(2,'backup_14-03-2020_1584204206.sql','2020-03-14 00:00:00'),(3,'backup_14-03-2020_1584204805.sql','2020-03-14 17:53:25');
/*!40000 ALTER TABLE `backup` ENABLE KEYS */;
UNLOCK TABLES;

--
-- Table structure for table `competences`
--

DROP TABLE IF EXISTS `competences`;
/*!40101 SET @saved_cs_client     = @@character_set_client */;
/*!40101 SET character_set_client = utf8 */;
CREATE TABLE `competences` (
  `id` int(11) NOT NULL AUTO_INCREMENT,
  `code` varchar(25) COLLATE utf8_unicode_ci NOT NULL,
  `libelle` varchar(255) COLLATE utf8_unicode_ci NOT NULL,
  PRIMARY KEY (`id`)
) ENGINE=InnoDB AUTO_INCREMENT=53 DEFAULT CHARSET=utf8 COLLATE=utf8_unicode_ci;
/*!40101 SET character_set_client = @saved_cs_client */;

--
-- Dumping data for table `competences`
--

LOCK TABLES `competences` WRITE;
/*!40000 ALTER TABLE `competences` DISABLE KEYS */;
INSERT INTO `competences` VALUES (4,'A1.1.1','Analyse du cahier des charges d\'un service à produire'),(5,'A1.1.2','Étude de l\'impact de l\'intégration d\'un service sur le système informatique'),(6,'A1.1.3','Étude des exigences liées à la qualité attendue d\'un service'),(7,'A1.2.1','Élaboration et présentation d\'un dossier de choix de solution technique'),(8,'A1.2.2','Rédaction des spécifications techniques de la solution retenue'),(9,'A1.2.3','Évaluation des risques liés à l\'utilisation d\'un service'),(10,'A1.2.4','Détermination des tests nécessaires à la validation d\'un service'),(11,'A1.2.5','Définition des niveaux d\'habilitation associés à un service'),(12,'A1.3.1','Test d\'intégration et d\'acceptation d\'un service'),(13,'A1.3.2','Définition des éléments nécessaires à la continuité d\'un service'),(14,'A1.3.3','Accompagnement de la mise en place d\'un nouveau service'),(15,'A1.3.4','Déploiement d\'un service'),(16,'A1.4.1','Participation à un projet'),(17,'A1.4.2','Évaluation des indicateurs de suivi d\'un projet et justification des écarts'),(18,'A1.4.3','Gestion des ressources'),(19,'A2.1.1','Accompagnement des utilisateurs dans la prise en main d\'un service'),(20,'A2.1.2','Évaluation et maintien de la qualité d\'un service'),(21,'A2.2.1','Suivi et résolution d\'incidents'),(22,'A2.2.2','Suivi et réponse à des demandes d\'assistance'),(23,'A2.2.3','Réponse à une interruption de service'),(24,'A2.3.1','Identification, qualification et évaluation d\'un problème'),(25,'A2.3.2','Proposition d\'amélioration d\'un service'),(26,'A3.2.1','Installation et configuration d\'éléments d\'infrastructure'),(27,'A3.2.2','Remplacement ou mise à jour d\'éléments défectueux ou obsolètes'),(28,'A4.1.1','Proposition d\'une solution applicative'),(29,'A4.1.2','Conception ou adaptation de l\'interface utilisateur d\'une solution applicative'),(30,'A4.1.3','Conception ou adaptation d\'une base de données'),(31,'A4.1.4','Définition des caractéristiques d\'une solution applicative'),(32,'A4.1.5','Prototypage de composants logiciels'),(33,'A4.1.6','Gestion d\'environnements de développement et de test'),(34,'A4.1.7','Développement, utilisation ou adaptation de composants logiciels'),(35,'A4.1.8','Réalisation des tests nécessaires à la validation d\'éléments adaptés ou développés'),(36,'A4.1.9','Rédaction d\'une documentation technique'),(37,'A4.1.10','Rédaction d\'une documentation d\'utilisation'),(38,'A4.2.1','Analyse et correction d\'un dysfonctionnement, d\'un problème de qualité de service ou de sécurité'),(39,'A4.2.2','Adaptation d\'une solution applicative aux évolutions de ses composants'),(40,'A4.2.3','Réalisation des tests nécessaires à la mise en production d\'éléments mis à jour'),(41,'A4.2.4','Mise à jour d\'une documentation technique'),(42,'A5.1.1','Mise en place d\'une gestion de configuration'),(43,'A5.1.2','Recueil d\'informations sur une configuration et ses éléments'),(44,'A5.1.3','Suivi d\'une configuration et de ses éléments'),(45,'A5.1.4','Étude de propositions de contrat de service (client, fournisseur)'),(46,'A5.1.5','Évaluation d\'un élément de configuration ou d\'une configuration'),(47,'A5.1.6','Évaluation d\'un investissement informatique'),(48,'A5.2.1','Exploitation des référentiels, normes et standards adoptés par le prestataire'),(49,'A5.2.2','Veille technologique'),(50,'A5.2.3','Repérage des compléments de formation ou d\'auto-formation utiles à l\'acquisition de nouvelles compétences'),(51,'A5.2.4','Étude d\'une technologie, d\'un composant, d\'un outil ou d\'une méthode');
/*!40000 ALTER TABLE `competences` ENABLE KEYS */;
UNLOCK TABLES;

--
-- Table structure for table `picture`
--

DROP TABLE IF EXISTS `picture`;
/*!40101 SET @saved_cs_client     = @@character_set_client */;
/*!40101 SET character_set_client = utf8 */;
CREATE TABLE `picture` (
  `id` int(11) NOT NULL AUTO_INCREMENT,
  `situation_details_id` int(11) DEFAULT NULL,
  `url` varchar(255) COLLATE utf8_unicode_ci DEFAULT NULL,
  `alt` varchar(255) COLLATE utf8_unicode_ci DEFAULT NULL,
  PRIMARY KEY (`id`),
  KEY `IDX_16DB4F89EA1FCE54` (`situation_details_id`),
  CONSTRAINT `FK_16DB4F89EA1FCE54` FOREIGN KEY (`situation_details_id`) REFERENCES `situation_details` (`id`)
) ENGINE=InnoDB AUTO_INCREMENT=127 DEFAULT CHARSET=utf8 COLLATE=utf8_unicode_ci;
/*!40101 SET character_set_client = @saved_cs_client */;

--
-- Dumping data for table `picture`
--

LOCK TABLES `picture` WRITE;
/*!40000 ALTER TABLE `picture` DISABLE KEYS */;
INSERT INTO `picture` VALUES (22,32,'jpeg','planet_universe_galaxy_stars_flash_59622_1920x1080.jpg'),(23,32,'jpeg','universe_planet_planet_disaster_space_94435_1920x1080.jpg'),(35,39,'png','Table_Materiel'),(36,39,'png','Table_Suivi_Materiel'),(40,41,'png','Liste_Materiel'),(41,41,'png','Fen_Materiel'),(63,45,'png','Fen_Materiel_Utilisateur'),(64,45,'png','Fen_Materiel_Historique'),(74,40,'png','JARVIS'),(75,40,'png','JARVIS_PARAMETRAGE'),(76,40,'png','JARVIS_PARAMETRAGE_TABLE'),(77,47,'png','TABLES_PARAM_GENERALES'),(78,47,'png','OBJECTIF_RESOLUTION'),(79,47,'png','PROBLEME'),(80,47,'png','PROCESSUS'),(81,47,'png','SERVICES'),(82,48,'png','TABLE_LIAISON_SERVICE_CONCERNE_RESPONSABLE'),(83,48,'png','T_LIAISON_ORIGINE_NON_CONFORMITE'),(84,47,'png','ORIGINE'),(85,48,'png','SERVICES'),(86,49,'png','NON_CONFORMITE'),(87,49,'png','NON_CONFORMITE_FEN_CREATION'),(88,49,'png','NON_CONFORMITE_FEN_CREATION_2'),(89,48,'png','NON_CONFORMITE_MISE_EN_PLACE'),(90,50,'png','NON_CONFORMITE_ACTION_CORRECTIVE'),(91,50,'png','NON_CONFORMITE_ACTION_CORRECTIVE_CREATION'),(92,51,'png','NON_CONFORMITE_LISTE'),(93,50,'png','NON_CONFORMITE_FEN_CREATION'),(95,52,'png','NON_CONFORMITE_TDB'),(96,52,'png','NON_CONFORMITE_CODE_GLOBAL'),(97,52,'png','NON_CONFORMITE_FONCTION_AFFICHE'),(98,52,'png','NON_CONFORMITE_PROCEDURE_AFFICHE'),(99,52,'png','NON_CONFORMITE_REQUETE_SQL'),(100,52,'png','NON_CONFORMITE_TDB_CREATION'),(101,55,'png','install1'),(102,55,'png','install2'),(103,55,'png','install3'),(104,55,'png','authentifciation'),(108,55,'png','firstPage'),(109,55,'png','secondPage'),(110,55,'png','usersList'),(111,55,'png','userNew'),(112,55,'png','fonction'),(113,55,'png','typeDoc'),(114,56,'png','fournisseur1'),(115,56,'png','doc1'),(116,56,'png','doc2'),(117,56,'png','fournisseur2'),(118,56,'png','fournisseur3'),(119,56,'png','typeDoc'),(120,57,'png','accueil'),(121,57,'png','liste1'),(122,57,'png','liste2'),(123,58,'png','creerrelance'),(124,58,'png','creerrelance2'),(125,58,'png','creerrelance3'),(126,58,'png','suivi');
/*!40000 ALTER TABLE `picture` ENABLE KEYS */;
UNLOCK TABLES;

--
-- Table structure for table `referentiel`
--

DROP TABLE IF EXISTS `referentiel`;
/*!40101 SET @saved_cs_client     = @@character_set_client */;
/*!40101 SET character_set_client = utf8 */;
CREATE TABLE `referentiel` (
  `id` int(11) NOT NULL AUTO_INCREMENT,
  `libelle` varchar(255) COLLATE utf8_unicode_ci NOT NULL,
  PRIMARY KEY (`id`)
) ENGINE=InnoDB AUTO_INCREMENT=6 DEFAULT CHARSET=utf8 COLLATE=utf8_unicode_ci;
/*!40101 SET character_set_client = @saved_cs_client */;

--
-- Dumping data for table `referentiel`
--

LOCK TABLES `referentiel` WRITE;
/*!40000 ALTER TABLE `referentiel` DISABLE KEYS */;
INSERT INTO `referentiel` VALUES (2,'Participation à un projet d’évolution d’un SI'),(3,'Prise en charge d’incidents et de demandes d’assistance'),(4,'Elaboration de documents relatifs à la production et à la fourniture de services'),(5,'Productions relatives à la mise en place d’un dispositif de veille technologique et à l’étude d’une technologie, d’un composant, d’un outil ou d’une méthode');
/*!40000 ALTER TABLE `referentiel` ENABLE KEYS */;
UNLOCK TABLES;

--
-- Table structure for table `situation_details`
--

DROP TABLE IF EXISTS `situation_details`;
/*!40101 SET @saved_cs_client     = @@character_set_client */;
/*!40101 SET character_set_client = utf8 */;
CREATE TABLE `situation_details` (
  `id` int(11) NOT NULL AUTO_INCREMENT,
  `situation_id` int(11) DEFAULT NULL,
  `description` longtext COLLATE utf8_unicode_ci NOT NULL,
  `validated` tinyint(1) NOT NULL DEFAULT 0,
  PRIMARY KEY (`id`),
  KEY `IDX_F0A6A44C3408E8AF` (`situation_id`),
  CONSTRAINT `FK_F0A6A44C3408E8AF` FOREIGN KEY (`situation_id`) REFERENCES `Situation` (`id`)
) ENGINE=InnoDB AUTO_INCREMENT=61 DEFAULT CHARSET=utf8 COLLATE=utf8_unicode_ci;
/*!40101 SET character_set_client = @saved_cs_client */;

--
-- Dumping data for table `situation_details`
--

LOCK TABLES `situation_details` WRITE;
/*!40000 ALTER TABLE `situation_details` DISABLE KEYS */;
INSERT INTO `situation_details` VALUES (32,21,'<p style=\"box-sizing: border-box; margin: 0px 0px 15px; color: #212529; padding: 0px; text-align: justify; font-family: \'Open Sans\', Arial, sans-serif; font-size: 14px; background-color: #ffffff;\">Maecenas varius augue sit amet euismod condimentum. Curabitur posuere risus ex, non volutpat lectus tincidunt id.&nbsp;<span style=\"box-sizing: border-box; font-weight: bolder;\">Donec venenatis volutpat tortor, vulputate finibus quam convallis ac. Donec id sem eu leo interdum egestas. Aliquam vitae dictum libero. Donec vel tempus erat, id posuere diam. Nunc molestie eros pellentesque justo molestie,</span>&nbsp;eget vestibulum lorem feugiat. Orci varius natoque penatibus et magnis dis parturient montes, nascetur ridiculus mus. Morbi et hendrerit orci. Etiam lobortis, odio ut tincidunt blandit, lectus lorem gravida arcu, eu faucibus purus tortor ac purus. Sed at commodo mauris. Vivamus venenatis leo a purus ornare sollicitudin. Vestibulum sed eros fringilla, ultricies elit id, varius elit. Etiam iaculis enim mauris, ac luctus augue tempor ut. Quisque at ante eget mi iaculis viverra.</p>\r\n<p>&nbsp;</p>\r\n<p style=\"box-sizing: border-box; margin: 0px 0px 15px; color: #212529; padding: 0px; text-align: justify; font-family: \'Open Sans\', Arial, sans-serif; font-size: 14px; background-color: #ffffff;\">Sed fringilla feugiat dui.&nbsp;<span style=\"box-sizing: border-box; text-decoration-line: underline;\">Nunc ultricies volutpat ex, eget euismod diam malesuada id</span>. Aenean sed suscipit magna, sit amet condimentum quam. Proin laoreet cursus lectus, ut dictum urna molestie a. Quisque eu metus sed arcu blandit mattis et viverra purus. Duis volutpat malesuada elit, ut convallis mauris volutpat quis. Nam id faucibus elit, a consectetur orci. Cras vitae ligula nisl. Vestibulum ante ipsum primis in faucibus orci luctus et ultrices posuere cubilia Curae; Aliquam orci massa, volutpat a condimentum ac, egestas eu tellus. Pellentesque iaculis, eros a consectetur sollicitudin, turpis odio aliquam sapien, in bibendum tellus metus eu nibh. Donec porttitor fringilla nibh, at elementum nisi. Morbi facilisis ut orci ut aliquam. Duis leo erat, ullamcorper nec imperdiet elementum, condimentum at eros. Maecenas laoreet dui non cursus sagittis. Mauris ac laoreet mi, at tempor magna.</p>',1),(39,22,'<p class=\"MsoNormal\" style=\"mso-margin-bottom-alt: auto; line-height: normal; background: white;\"><span style=\"font-size: 12.0pt; font-family: \'Corbel\',sans-serif; mso-fareast-font-family: \'Times New Roman\'; mso-bidi-font-family: \'Times New Roman\'; color: #212529; mso-fareast-language: FR;\">Dans le cadre de la gestion de notre mat&eacute;riel interne, M GORLIER m\'a demand&eacute; de mettre en place une solution applicative qui nous permettrait de g&eacute;rer notre inventaire. Cette solution applicative sera un module int&eacute;gr&eacute; directement au logiciel JARVIS. Avant de commencer le projet, il m\'a demand&eacute; de lui pr&eacute;senter &agrave; l\'aide du document de gestion de l\'inventaire, au format XLS (Microsoft Excel), un compte rendu (oral) de ce que nous aurions besoins. Afin de recenser les informations n&eacute;cessaires &agrave; la cr&eacute;ation de cette solution applicative, je me suis inspir&eacute; des &eacute;l&eacute;ments d&eacute;j&agrave; pr&eacute;sent dans le fichier XLS pr&eacute;c&eacute;demment utilis&eacute; pour la gestion de l&rsquo;inventaire de notre mat&eacute;riel.&nbsp;</span></p>\r\n<p class=\"MsoNormal\" style=\"mso-margin-bottom-alt: auto; line-height: normal; background: white;\"><u><span style=\"font-size: 12.0pt; font-family: \'Corbel\',sans-serif; mso-fareast-font-family: \'Times New Roman\'; mso-bidi-font-family: \'Times New Roman\'; color: #212529; mso-fareast-language: FR;\">Il devra donc :</span></u></p>\r\n<p class=\"MsoNormal\" style=\"mso-margin-bottom-alt: auto; line-height: normal; background: white;\"><span style=\"font-size: 12.0pt; font-family: \'Corbel\',sans-serif; mso-fareast-font-family: \'Times New Roman\'; mso-bidi-font-family: \'Times New Roman\'; color: #212529; mso-fareast-language: FR;\">&nbsp; &nbsp; - Nous permettre de saisir du mat&eacute;riel entrant et/ou sortant.<br />&nbsp; &nbsp; - Le mat&eacute;riel saisi comportera : Un type (&eacute;cran, onduleur...), une marque, un mod&egrave;le, un num&eacute;ro de s&eacute;rie et une &eacute;tiquette.<br />&nbsp; &nbsp; - Il poss&eacute;dera une date d\'entr&eacute;e (&agrave; laquelle le mat&eacute;riel a &eacute;t&eacute; r&eacute;ceptionn&eacute; en entreprise via un bon de livraison par exemple).<br />&nbsp; &nbsp; - Une date de sortie (&agrave; laquelle le mat&eacute;riel n\'est plus dans nos locaux : mat&eacute;riel inutilisable donc recycl&eacute;...).<br />&nbsp; &nbsp; - Nous pourrons affecter ce mat&eacute;riel &agrave; un service sp&eacute;cifique (comptabilit&eacute;, ressources humaines...).<br />&nbsp; &nbsp; - Nous pourrons affecter ce mat&eacute;riel &agrave; un utilisateur sp&eacute;cifique.<br />&nbsp; &nbsp; - Il sera possible d\'ajouter un commentaire sur le mat&eacute;riel.</span></p>\r\n<p class=\"MsoNormal\" style=\"margin-bottom: .0001pt; line-height: normal;\"><span style=\"color: #212529; font-family: Corbel, sans-serif; font-size: 12pt; background-color: white;\">Une fois toutes les informations recens&eacute;es, pr&eacute;sent&eacute;es et valid&eacute;es par mon formateur, j\'ai pu commencer &agrave; concevoir les tables dans la base de donn&eacute;es relative &agrave; l\'application &agrave; l\'aide de </span><strong style=\"color: #212529; font-family: Corbel, sans-serif; font-size: 12pt; background-color: white;\">Microsoft SQL Server</strong><span style=\"color: #212529; font-family: Corbel, sans-serif; font-size: 12pt; background-color: white;\">, qui est un&nbsp;</span><u style=\"color: #212529; font-family: Corbel, sans-serif; font-size: 12pt; background-color: white;\">Syst&egrave;me de Gestion de Base de Donn&eacute;es</u><span style=\"color: #212529; font-family: Corbel, sans-serif; font-size: 12pt; background-color: white;\">. &Agrave; l\'aide de celui-ci, j\'ai entrepris la conception de quatre tables dont les deux principales ci-dessous (voir photo). La premi&egrave;re pour la gestion du mat&eacute;riel, la seconde pour l\'historique du mat&eacute;riel. La table du mat&eacute;riel est reli&eacute;e &agrave; deux autres tables :</span></p>\r\n<p class=\"MsoNormal\" style=\"mso-margin-bottom-alt: auto; line-height: normal; background: white;\"><span style=\"font-size: 12.0pt; font-family: \'Corbel\',sans-serif; mso-fareast-font-family: \'Times New Roman\'; mso-bidi-font-family: \'Times New Roman\'; color: #212529; mso-fareast-language: FR;\">&nbsp; &nbsp; - La table des types de mat&eacute;riel (elle recense les types de mat&eacute;riel existant (unit&eacute; centrale, serveur, &eacute;cran, ordinateur portable...) ).<br />&nbsp; &nbsp; - La table des marques (elle recense les marques de mat&eacute;riel existant ( Asus, Msi, Lenovo... ) ).&nbsp;&nbsp;</span></p>\r\n<p class=\"MsoNormal\" style=\"mso-margin-bottom-alt: auto; line-height: normal; background: white;\"><span style=\"font-size: 12.0pt; font-family: \'Corbel\',sans-serif; mso-fareast-font-family: \'Times New Roman\'; mso-bidi-font-family: \'Times New Roman\'; color: #212529; mso-fareast-language: FR;\">Pour concevoir la table du mat&eacute;riel, j\'ai d&ucirc; demand&eacute; plusieurs informations &agrave; M GORLIER. Parmi&nbsp; celles-ci : Est-ce que le mat&eacute;riel a obligatoirement une date d\'entr&eacute;e ? Est-ce que le num&eacute;ro de s&eacute;rie</span><span style=\"color: #212529; font-family: Corbel, sans-serif; font-size: 12pt;\">, le mod&egrave;le, le prix d\'achat et l\'&eacute;tiquette&nbsp; doivent &ecirc;tre obligatoirement renseign&eacute;s lors de la cr&eacute;ation du mat&eacute;riel ? </span><span style=\"color: #212529; font-family: Corbel, sans-serif; font-size: 12pt;\">&Agrave; l\'aide de ces informations j\'ai pu concevoir la table du mat&eacute;riel. La table qui servira &agrave; historiser le mat&eacute;riel comportera simplement la date de fin d\'utilisation du mat&eacute;riel ainsi que l\'utilisateur auquel le mat&eacute;riel &eacute;tait affect&eacute;. Quant-aux tables des types de mat&eacute;riel et des marques, elles comporteront simplement un libell&eacute;.</span></p>',1),(40,22,'<p>Une fois toutes les tables cr&eacute;&eacute;s, M GORLIER m\'a demand&eacute; de d&eacute;velopper/cr&eacute;er les interfaces graphiques nous permettant de saisir les nouveaux types de mat&eacute;riel et les nouvelles marques qui nous serviront, par la suite, &agrave; cr&eacute;er de nouveaux mat&eacute;riels dans le cadre de la gestion de l\'inventaire. En effet un mat&eacute;riel &eacute;tant rattach&eacute; obligatoirement &agrave; un type de mat&eacute;riel (&eacute;cran, unit&eacute; centrale...) et &agrave; une marque (asus, msi...), c\'est donc la premi&egrave;re chose que j\'ai d&eacute;velopp&eacute;. M GORLIER a demand&eacute; &agrave; ce que le param&eacute;trage (cr&eacute;ation, modification, suppression...) des types de mat&eacute;riel et des marques soit dans la partie \"Administration\" de Jarvis, accessible via la liste des tables de param&eacute;trage (voir photo ci-dessous). Jarvis dispose, dans la partie param&eacute;trage, de quatre types de tables :</p>\r\n<p>&nbsp; &nbsp; - Les tables g&eacute;n&eacute;rales : Elles permettent de saisir les donn&eacute;es g&eacute;n&eacute;rales/globales au param&eacute;trage du logiciel telles que les jours f&eacute;ri&eacute;s, les civilit&eacute;s existantes ect...<br />&nbsp; &nbsp; - Les tables CRM : Donn&eacute;es relatives au param&eacute;trage de la gestion des relations avec les clients.<br />&nbsp; &nbsp; - Les tables \"Service Formation\" : Donn&eacute;es sp&eacute;cifiques au utilisateur de Jarvis appartenant au service formation d\'Expert RH.<br />&nbsp; &nbsp; - Les tables \"Service Paie\" : Donn&eacute;es sp&eacute;cifiques au utilisateur de Jarvis appartenant au service paie d\'Expert RH.</p>\r\n<p>La partie Administration de JARVIS est seulement accessible aux administrateurs du logiciel. Seul moi et M GORLIER avons acc&egrave;s &agrave; cette partie du logiciel sauf si nous pr&eacute;voyons de donner des droits sp&eacute;cifiques &agrave; certain(s) utilisateur(s). Gr&acirc;ce &agrave; ces tables j\'ai donc saisi tous les types de mat&eacute;riel ainsi que les marques pr&eacute;c&eacute;demment recenser via le fichier <span style=\"text-decoration: underline;\">Microsoft Excel</span> de gestion de l\'inventaire (format XLS).&nbsp;</p>',1),(41,22,'<p style=\"box-sizing: border-box; margin-top: 0px; margin-bottom: 1rem; color: #212529; font-family: Corbel; font-size: 16px; background-color: #ffffff;\">La base de donn&eacute;es d&eacute;sormais op&eacute;rationnelle (elle comporte maintenant toutes les marques et les types de mat&eacute;riel n&eacute;cessaire &agrave; la cr&eacute;ation d\'un mat&eacute;riel/p&eacute;riph&eacute;rique sp&eacute;cifique) pour la gestion des donn&eacute;es de l\'application, j\'ai commenc&eacute; par prototyper l\'interface utilisateur de l\'application de gestion de l\'inventaire en vue du d&eacute;veloppement. Le prototype de l\'interface a connu diverses modification et a connu de nombreux tests afin d\'optimiser au maximum la lisibilit&eacute; de l\'application et son ergonomie. Pour cr&eacute;er l\'interface et d&eacute;velopper la solution applicative, nous utilisons au sein d\'Expert RH un <span style=\"box-sizing: border-box; text-decoration-line: underline;\">Atelier de G&eacute;nie Logiciel</span>&nbsp;nomm&eacute;&nbsp;<span style=\"box-sizing: border-box; font-weight: bolder;\">WINDEV</span>. Pour ce module de gestion de l\'inventaire, j\'ai cr&eacute;&eacute; une liste qui sera le point d\'entr&eacute;e de l\'inventaire. Cette liste centralisera les actions possibles &agrave; effectuer sur le mat&eacute;riel telles que :</p>\r\n<p style=\"box-sizing: border-box; margin-top: 0px; margin-bottom: 1rem; color: #212529; font-family: Corbel; font-size: 16px; background-color: #ffffff;\">&nbsp; &nbsp; - Cr&eacute;er un nouveau mat&eacute;riel (bouton nouveau), <br />&nbsp; &nbsp; - Le supprimer (bouton supprimer)&nbsp; <br />&nbsp; &nbsp; - L\'&eacute;diter (en double cliquant sur le mat&eacute;riel une fen&ecirc;tre d&eacute;taillant le mat&eacute;riel s\'ouvre et nous pouvons l\'&eacute;diter).</p>\r\n<p style=\"box-sizing: border-box; margin-top: 0px; margin-bottom: 1rem; color: #212529; font-family: Corbel; font-size: 16px; background-color: #ffffff;\">L\'utilisateur pourra choisir de filtrer le mat&eacute;riel &agrave; travers les filtres mis &agrave; dispositions en haut de la liste afin optimiser ses recherches. Si l\'utilisateur clique sur afficher le mat&eacute;riel sorti, il appara&icirc;tra car par d&eacute;faut nous avons choisi de ne pas le faire appara&icirc;tre dans la liste afin d\'avoir un visuel global sur le mat&eacute;riel &agrave; disposition d&egrave;s l\'ouverture de l\'inventaire.</p>\r\n<p style=\"box-sizing: border-box; margin-top: 0px; margin-bottom: 1rem; color: #212529; font-family: Corbel; font-size: 16px; background-color: #ffffff;\">Comme le montre les images ci-dessous, lors de la cr&eacute;ation, une nouvelle fen&ecirc;tre (modale) s\'ouvre pour cr&eacute;er le mat&eacute;riel. &Agrave; partir de celle-ci nous avons la possibilit&eacute; de choisir le type et la marque du mat&eacute;riel, de saisir le mod&egrave;le, le num&eacute;ro de s&eacute;rie ou encore le prix d\'achat. Puis enfin de choisir un service auquel l\'affecter ou encore plus pr&eacute;cis&eacute;ment &agrave; une personne et de saisir la date d\'entr&eacute;e et la date de sortie. Le type de mat&eacute;riel et la marque peuvent &ecirc;tre s&eacute;lectionn&eacute;s &agrave; travers deux listes mises &agrave; disposition sur l\'interface utilisateur lors de la cr&eacute;ation ou l\'&eacute;dition d\'un mat&eacute;riel. Ces deux listes sont remplies automatiquement gr&acirc;ce aux donn&eacute;es (type de mat&eacute;riel et marque) saisies via les tables de param&eacute;trage, expliqu&eacute;s ci-dessus, me permettant de cr&eacute;er des marques et des types de mat&eacute;riel.</p>',1),(45,22,'<p class=\"MsoNormal\" style=\"mso-margin-bottom-alt: auto; line-height: normal; background: white;\"><span style=\"font-size: 12.0pt; font-family: \'Corbel\',sans-serif; mso-fareast-font-family: \'Times New Roman\'; mso-bidi-font-family: \'Times New Roman\'; color: #212529; mso-fareast-language: FR;\">J\'ai mis en place une barre de navigation sur la fen&ecirc;tre qui, visuellement, est dispos&eacute;e verticalement &agrave; gauche de la fen&ecirc;tre et est constitu&eacute;e de deux onglets. Ces deux onglets repr&eacute;sentent respectivement pour le premier les d&eacute;tails de la fiche du mat&eacute;riel (appel&eacute; \"G&eacute;n&eacute;ralit&eacute;s\") dans lequel nous pouvons consulter la fiche du mat&eacute;riel mais aussi passer en &eacute;dition sur celui-ci via le bouton \"Modifier\" . Pour le second onglet, nomm&eacute; \"Historique\", il permet de visualiser l\'historique du mat&eacute;riel que nous consultons &agrave; travers une \"table\" qui recense les utilisateurs qui ont utilis&eacute; le mat&eacute;riel &agrave; une p&eacute;riode donn&eacute;e.&nbsp; L\'historique du mat&eacute;riel se passe comme ceci :</span><span style=\"font-size: 12.0pt; font-family: \'Corbel\',sans-serif; mso-fareast-font-family: \'Times New Roman\'; mso-bidi-font-family: \'Times New Roman\'; color: #212529; mso-fareast-language: FR;\"><!--[endif]--></span></p>\r\n<p class=\"MsoNormal\" style=\"mso-margin-bottom-alt: auto; line-height: normal; background: white;\"><span style=\"font-size: 12.0pt; font-family: \'Corbel\',sans-serif; mso-fareast-font-family: \'Times New Roman\'; mso-bidi-font-family: \'Times New Roman\'; color: #212529; mso-fareast-language: FR;\">&nbsp; &nbsp; - Un utilisateur cr&eacute;&eacute; un mat&eacute;riel.<br />&nbsp; &nbsp; - Il l\'affecte &agrave; un utilisateur ou &agrave; un service.<br />&nbsp; &nbsp; - Lorsque quelqu\'un entre en &eacute;dition sur ce mat&eacute;riel, si il change l\'utilisateur pour lequel le mat&eacute;riel est affect&eacute; alors une ligne d\'historique se cr&eacute;&eacute;e automatiquement.</span></p>\r\n<p class=\"MsoNormal\" style=\"mso-margin-bottom-alt: auto; line-height: normal; background: white;\"><span style=\"font-size: 12.0pt; font-family: \'Corbel\',sans-serif; mso-fareast-font-family: \'Times New Roman\'; mso-bidi-font-family: \'Times New Roman\'; color: #212529; mso-fareast-language: FR;\">Cette ligne comporte le dernier utilisateur du mat&eacute;riel ainsi que la date d\'utilisation de celui-ci. Pour ce faire j\'ai d&ucirc; utiliser le langage SQL, sp&eacute;cifique &agrave; la <strong>SGBD</strong>&nbsp;<u>Microsoft SQL Server</u>, dans lequel nous trouvons des requ&ecirc;tes (code utilis&eacute; pour interroger une base de donn&eacute;es) sp&eacute;cifiques appel&eacute;es Triggers. Ces requ&ecirc;tes (Triggers) sont d&eacute;clench&eacute;es lorsque un &eacute;v&eacute;nement est jou&eacute;, en l\'occurrence sur ce projet le trigger est d&eacute;clench&eacute; <span style=\"text-decoration: underline;\">SI</span> :</span><span style=\"font-size: 12.0pt; font-family: \'Corbel\',sans-serif; mso-fareast-font-family: \'Times New Roman\'; mso-bidi-font-family: \'Times New Roman\'; color: #212529; mso-fareast-language: FR;\"><!--[endif]--></span></p>\r\n<p class=\"MsoNormal\" style=\"mso-margin-bottom-alt: auto; line-height: normal; background: white;\"><span style=\"font-size: 12.0pt; font-family: \'Corbel\',sans-serif; mso-fareast-font-family: \'Times New Roman\'; mso-bidi-font-family: \'Times New Roman\'; color: #212529; mso-fareast-language: FR;\">&nbsp; &nbsp; - Le mat&eacute;riel est affect&eacute; &agrave; un utilisateur,<br />&nbsp; &nbsp; - L\'utilisateur du mat&eacute;riel est modifi&eacute; MAIS le nouvel utilisateur affect&eacute; au mat&eacute;riel est diff&eacute;rent de celui pr&eacute;c&eacute;dent.<br />&nbsp; &nbsp; - L\'utilisateur pr&eacute;c&eacute;dent est diff&eacute;rent de \"Aucun utilisateur\"</span><span style=\"font-size: 12.0pt; font-family: \'Corbel\',sans-serif; mso-fareast-font-family: \'Times New Roman\'; mso-bidi-font-family: \'Times New Roman\'; color: #212529; mso-fareast-language: FR;\"><!--[endif]--></span></p>\r\n<p class=\"MsoNormal\" style=\"mso-margin-bottom-alt: auto; line-height: normal; background: white;\"><span style=\"font-size: 12.0pt; font-family: \'Corbel\',sans-serif; mso-fareast-font-family: \'Times New Roman\'; mso-bidi-font-family: \'Times New Roman\'; color: #212529; mso-fareast-language: FR;\">J\'ai laiss&eacute; le choix d\'affecter un mat&eacute;riel &agrave; aucun utilisateur. Comme pr&eacute;cis&eacute; ci-dessus je ne cr&eacute;&eacute; pas de ligne d\'historique si le mat&eacute;riel est affect&eacute; &agrave; aucun utilisateur et que l\'on modifie la fiche du mat&eacute;riel pour y affect&eacute; un nouvel utilisateur. &Agrave; contrario si le mat&eacute;riel est affect&eacute; &agrave; un utilisateur et que l\'on modifie la fiche du mat&eacute;riel pour y affect&eacute; aucun utilisateur alors une ligne d\'historique est cr&eacute;&eacute; afin d\'avoir la tra&ccedil;abilit&eacute; du mat&eacute;riel affect&eacute; &agrave; l\'ancien utilisateur. Une fois le logiciel termin&eacute;, M GORLIER et moi avons proc&eacute;d&eacute; &agrave; divers tests afin de v&eacute;rifier son bon fonctionnement. Nous avons cr&eacute;er de nombreux mat&eacute;riels fictifs et &eacute;tudi&eacute; le comportement de la solution applicative afin d\'y apport&eacute; les corrections n&eacute;cessaires si des d&eacute;fauts de conception &eacute;taient d&eacute;cel&eacute;s. Une fois les tests termin&eacute;s, M GORLIER a mis &agrave; jour le logiciel JARVIS pour y inclure le <span style=\"text-decoration: underline;\">module de gestion du mat&eacute;riel</span>. Puis nous avons recens&eacute; tout le mat&eacute;riel d\'Expert RH et l\'avons saisi via le module ce qui nous a permis de d\'avoir un(e) meilleur(e) tra&ccedil;abilit&eacute;/suivi de nos ressources internes (en l\'occurence le mat&eacute;riel).&nbsp;</span></p>\r\n<p class=\"MsoNormal\" style=\"mso-margin-bottom-alt: auto; line-height: normal; background: white;\"><span style=\"font-size: 12.0pt; font-family: \'Corbel\',sans-serif; mso-fareast-font-family: \'Times New Roman\'; mso-bidi-font-family: \'Times New Roman\'; color: #212529; mso-fareast-language: FR;\">&nbsp;</span></p>',1),(46,37,'<p>Mme DEBUREAUX, directrice g&eacute;n&eacute;ral de la soci&eacute;t&eacute; EXPERT RH, m\'a demand&eacute; de concevoir une solution applicative qui fera office de module int&eacute;gr&eacute; dans JARVIS permettant aux employ&eacute;s de la soci&eacute;t&eacute; de saisir des non-conformit&eacute;s. Une non conformit&eacute; correspondra &agrave; un probl&egrave;me d\'origine interne ou externe relat&eacute; soit par un ou plusieurs des salari&eacute;s ou soit par une personne externe &agrave; l\'entreprise (un client par exemple). Pour saisir une non-conformit&eacute; le salari&eacute; devra :&nbsp;</p>\r\n<p>&nbsp; &nbsp; - S&eacute;lectionner l\'origine (personne qui la relate) de la non conformit&eacute; (interne: un service particulier de l\'entreprise, externe: un client/un fournisseur).<br />&nbsp; &nbsp; - S&eacute;lectionner le service concern&eacute; par la non-conformit&eacute;&nbsp;&nbsp;(celui qui devra trouver une solution pour la r&eacute;soudre)&nbsp;gr&acirc;ce &agrave; une liste qui contiendra les services de l\'entreprise.<br />&nbsp; &nbsp; - S&eacute;lectionner le probl&eacute;me qui a &eacute;t&eacute; constat&eacute; (ce probl&egrave;me sera un probl&egrave;me d\'ordre g&eacute;n&eacute;rique s&eacute;lectionnable &agrave; <strong>travers une liste</strong>.<strong><br /></strong>&nbsp; &nbsp; - Apporter des pr&eacute;cisions au probl&egrave;me s&eacute;lectionner (gr&acirc;ce &agrave; une zone de commentaire).<br />&nbsp; &nbsp; - Analyser la ou les cause(s) de la non conformit&eacute; (gr&acirc;ce &agrave; une zone de commentaire).<br />&nbsp; &nbsp; - S&eacute;lectionner un objectif de r&eacute;solution (satisfaction du client...) gr&acirc;ce &agrave; une liste qui contiendra ces objectifs de r&eacute;solution.<br />&nbsp; &nbsp; - Indiquer l\'action qui a &eacute;t&eacute; mener imm&eacute;diatement apr&egrave;s avoir constat&eacute; la non-conformit&eacute;, cette action sera appel&eacute;e \"Action curative\", puis renseigner qui a men&eacute; cette action.&nbsp;<br /><br /></p>\r\n<p>Outre l\'action curative, Mme DEBUREAUX a demand&eacute; &agrave; ce qu\'une fois la non conformit&eacute; cr&eacute;&eacute;, les salari&eacute;s concern&eacute;s par la non conformit&eacute; puissent saisir des propositions d\'actions correctives. Une non conformit&eacute; peut avoir z&eacute;ro ou plusieurs actions correctives. <span style=\"text-decoration: underline;\">Une action corrective se pr&eacute;sente comme ceci :</span></p>\r\n<p>&nbsp; &nbsp; - Elle est cr&eacute;&eacute; par un utilisateur du service concern&eacute; par la non conformit&eacute;.<br />&nbsp; &nbsp; - Elle est r&eacute;alis&eacute;e ou non.<br />&nbsp; &nbsp; - Une date d\'&eacute;ch&eacute;ance est mise sur cette action (temps d&eacute;fini pour sa r&eacute;alisation).&nbsp;<br />&nbsp; &nbsp; - La proposition peut &ecirc;tre accept&eacute;e ou non par l\'un des responsables du service concern&eacute;.<br />&nbsp; &nbsp; - Le responsable du service concern&eacute; doit justifier sa d&eacute;cision, si oui : pourquoi la proposition d\'action corrective a &eacute;t&eacute; accept&eacute;e. Si non : pourquoi elle a &eacute;t&eacute; refus&eacute;e.</p>\r\n<p><span style=\"text-decoration: underline;\">Un circuit d\'email doit &ecirc;tre mis en place :</span></p>\r\n<p>&nbsp; &nbsp; - Un email doit &ecirc;tre envoy&eacute; au responsable d\'un service concern&eacute; lorsqu\'un utilisateur en cr&eacute;&eacute; une.<br />&nbsp; &nbsp; - Un email doit &ecirc;tre envoy&eacute; au responsable d\'un service concern&eacute; lorsqu\'un utilisateur cr&eacute;&eacute; une proposition d\'action corrective.<br />&nbsp; &nbsp; - Lorsqu\'un responsable refuse une proposition d\'action corrective, un email est envoy&eacute; &agrave; l\'utilisateur qui a cr&eacute;&eacute; cette proposition d\'action corrective.<br />&nbsp; &nbsp; - Lorsqu\'un responsable accepte une proposition d\'action corrective un email est envoy&eacute; au cr&eacute;ateur de la proposition d\'action corrective et au cr&eacute;ateur de la non conformit&eacute; pour l\'informer de sa r&eacute;solution.<br /><br /></p>\r\n<p>&nbsp;</p>\r\n<p>&nbsp;</p>',1),(47,37,'<p>La plupart des informations concernant la solution applicative d&eacute;tenues, j\'ai cr&eacute;&eacute; les tables SQL via l\'utilisation du SGBD (Syst&egrave;me de Gestion de Base de Donn&eacute;es) Microsoft Sql Server. Les premi&egrave;res tables cr&eacute;&eacute;es sont celles relatives aux listes n&eacute;cessaires &agrave; la saisie d\'une non-conformit&eacute; : les <strong>origines</strong>, les <strong>objectifs de r&eacute;solution</strong>, les <strong>services concern&eacute;s</strong>, les <strong>probl&egrave;mes constat&eacute;s</strong> et les <strong>processus</strong>. Je n\'ai pas cr&eacute;er de table concernant la liste des utlisateurs qui ont men&eacute; l\'action currative et la ou les action(s) corrective(s) car elle existait d&eacute;j&agrave;. Ces quatre tables sont compos&eacute;es comme ceci :&nbsp;</p>\r\n<p>&nbsp; &nbsp; - Un identifiant unique qui sera la cl&eacute; primaire.<br />&nbsp; &nbsp; - Un libell&eacute; (pour les services : le nom du service, pour les origines : le nom de l\'origine ) ou une phrase (pour les processus, les probl&egrave;mes et les objectifs de r&eacute;solution) en rapport avec&nbsp; la table.</p>\r\n<p><br />L\'utilisateur doit pouvoir cr&eacute;er de nouveaux &eacute;l&eacute;ments dans ces listes, les &eacute;diter ou les supprimer.. J\'ai donc con&ccedil;u les fen&ecirc;tres permettant de param&eacute;trer les listes qui seront utilis&eacute;es dans la saisie des non-conformit&eacute;s. Ces fen&ecirc;tres serviront &agrave; param&eacute;trer le contenu des listes que nous trouverons dans la fen&ecirc;tre de saisie d\'une non conformit&eacute;. L\'utilisateur ayant acc&egrave;s &agrave; ces fen&ecirc;tres aura un droit sp&eacute;cifique afin d\'acc&eacute;der &agrave; ces tables de param&eacute;trage.</p>',1),(48,37,'<p>Mme DEBUREAUX a demand&eacute; &agrave; ce que sur la partie du param&eacute;trage des services concern&eacute;s, l\'utilisateur puisse, une fois le service concern&eacute; par les non conformit&eacute;s cr&eacute;&eacute;, s&eacute;lectionner un ou plusieurs responsable(s) et le/les lui affecter. Pour r&eacute;pondre &agrave; cette demande j\'ai mis en place une <span style=\"text-decoration: underline;\">table de liaison</span> qui contient <strong>l\'id de l\'utilisateur</strong> (qui sera responsable du service) et <strong>l\'id du service. Lors de la cr&eacute;ation d\'un service</strong>. Sur la fen&ecirc;tre de cr&eacute;ation d\'un service, la liste des utilisateurs du logiciel JARVIS est afficher en bas &agrave; droite. L\'utlisateur doit simplement cliquer dans la case situ&eacute; &agrave; droite du nom de l\'utilisateur pour le d&eacute;signer en tant que responsable du service.&nbsp;</p>\r\n<p>De m&ecirc;me pour les origines d\'une non conformit&eacute;, Mme DEBUREAUX a demand&eacute; que l\'utilisateur peuvent s&eacute;lectionner une ou plusieurs origine(s) pour une non conformit&eacute;. J\'ai donc mis en place une table de liaison qui contient l\'<strong>id de l\'origine</strong> et l\'<strong>id de la non conformit&eacute;</strong>. L\'utilisateur pour alors, sur la fen&ecirc;tre de saisie d\'une non conformit&eacute;, selectionner une ou plusieurs origines.</p>\r\n<p>Chaque table de param&eacute;trage qui ont &eacute;t&eacute; cr&eacute;&eacute;es respectivement pour : les objectifs de r&eacute;solution, les processus, les probl&egrave;mes, les services concern&eacute;s ect... sont accessibles depuis la partie accueil du <strong>CRM JARVIS</strong>, dans bloc nomm&eacute; \"non conformit&eacute;s\", pour les utilisateurs ayant le droit de param&eacute;trer les non conformit&eacute;s.</p>',1),(49,37,'<p>Les tables de param&eacute;trage des listes ainsi que la cr&eacute;ation des fen&ecirc;tres et leur d&eacute;veloppement termin&eacute; j\'ai cr&eacute;&eacute; la table principale : celle des non conformit&eacute;s. La table contiendra des liaisons sous forme de cl&eacute; secondaire vers : L\'id de ou des origine(s) (client ou formateur), l\'id du probl&eacute;me, du service concern&eacute;, de l\'objectif de r&eacute;solution et du l\'id du processus. Des champs de type texte r&eacute;spectivement pour l\'analyse des causes, la ou les pr&eacute;cisions du probl&egrave;me s&eacute;lectionn&eacute; et l\'action curative. Elle contiendra aussi des champs de type date pour enregistrer la date &agrave; laquelle la non conformit&eacute; a &eacute;t&eacute; cr&eacute;&eacute;e et la date &agrave; laquelle l\'action curative a &eacute;t&eacute; effectu&eacute; ainsi que deux cl&eacute;s secondaires relatives aux utilisateurs. Le premier pour enregistrer l\'utilisateur qui a cr&eacute;&eacute; la non conformit&eacute; et le second pour enregistrer l\'utilisateur qui a men&eacute; l\'action curative. Mme DEBUREAUX, lors du d&eacute;veloppement de la solution applicative, a demand&eacute; l\'ajout dans les origines de la non conformit&eacute;. En plus de pouvoir s&eacute;lectionner la ou les origines (client, formateur...) elle voulait pouvoir renseigner un fournisseur tiers &agrave; la main et donc &agrave; l\'aide d\'un champ de saisi. J\'ai donc ajout&eacute; &agrave; la table des non conformit&eacute;s un champ appel&eacute; fournisseur de type texte.</p>\r\n<p>Cette table sera reli&eacute; &agrave; la fen&ecirc;tre de saisie des non conformit&eacute;s via laquelle les utilisateurs renseignerons tous les champs et s&eacute;lectionneront les informations, n&eacute;cessaires &agrave; la cr&eacute;ation de la non conformit&eacute;, &agrave; travers les listes d&eacute;roulantes. La fen&ecirc;tre de saisie des nons conformit&eacute;s se d&eacute;composent en trois blocs.&nbsp;</p>\r\n<p>&nbsp; &nbsp; - <strong>Le premier</strong> sert &agrave; s&eacute;lectionner la ou les origines du probl&egrave;me, s&eacute;lectionner le service concern&eacute; puis le probl&egrave;me et apporter des pr&eacute;cisions &agrave; celui-ci.</p>\r\n<p>Lorsqu\'une origine est s&eacute;lectionn&eacute;e et qu\'elle est relative &agrave; un client alors une fen&ecirc;tre listant tous les clients appara&icirc;t pour la s&eacute;lection. De m&ecirc;me lorsque l\'utilisateur s&eacute;lectionne comme origine formateur alors une fen&ecirc;tre listant tous les formateurs appara&icirc;t pour la s&eacute;lection. Je n\'ai pas eu besoin de cr&eacute;er ces fen&ecirc;tres (s&eacute;lection client / formateur ) car elles existaient d&eacute;j&agrave; ainsi que les tables qui y sont relatives. J\'ai simplement r&eacute;utilis&eacute; les composants existant. Cependant pour lorsque l\'utilisateur clique sur l\'origine fournisseur alors une fen&ecirc;tre appara&icirc;t pour saisir le fournisseur manuellement.<br /><br />&nbsp; &nbsp; - <strong>Le second bloc</strong> sert &agrave; renseigner l\'action curative, s&eacute;lectionner la personne qui l\'a effectu&eacute; puis analyser les causes du probl&egrave;me et s&eacute;lectionner le processus.<br />&nbsp; &nbsp; - <strong>Le dernier bloc</strong> sert simplement &agrave; lister les propositions d\'actions correctives, qui ont &eacute;t&eacute; men&eacute;es ou pas, pour r&eacute;soudre la non-conformit&eacute;.</p>\r\n<p>Mme DEBUREAUX a demand&eacute; &agrave; ce que la personne n\'ayant pas rempli les informations du premier bloc n\'est pas acc&egrave;s au second, de m&ecirc;me que le troisi&egrave;me bloc ne soit accessible que si le second est rempli.<br />Pendant la phase de d&eacute;veloppement j\'ai cr&eacute;&eacute; un affichage proc&eacute;dural : L\'utilisateur, lors de la cr&eacute;ation de la non conformit&eacute;, rempli les informations du premier bloc de la fen&ecirc;tre (les deux autres blocs ne sont pas visibles). Lorsqu\'il clic sur valider le second bloc appara&icirc;t et ainsi de suite. Lorsqu\'il rempli le second bloc le troisi&egrave;me bloc appara&icirc;t. L\'utilisateur est donc guid&eacute; dans la saisie des non conformit&eacute;s.</p>',1),(50,37,'<p>La fen&ecirc;tre des non conformit&eacute;s d&eacute;velopp&eacute;e, j\'ai cr&eacute;&eacute; la table des actions correctives. Elle est compos&eacute;e de dix champs dont l\'id de la non conformit&eacute; &agrave; laquelle elle est rattach&eacute;e, l\'id de l\'utilisateur qui a cr&eacute;&eacute; cette proposition d\'action corrective... Puis j\'ai con&ccedil;u la fen&ecirc;tre, d&eacute;velopp&eacute; les &eacute;venements / le code de cette fen&ecirc;tre et adapt&eacute; son design pour l\'utilisateur final. L\'utilisateur, lors de la saisie de la proposition d\'action corrective, n\'a que la partie gauche de la fen&ecirc;tre tandis que le responsable du service qui validera ou non la proposition d\'action corrective voit toute la fen&ecirc;tre. Cela &eacute;vite &agrave; l\'utilisateur de valider lui m&ecirc;me la proposition d\'action corrective sans passer par l\'approbation de son sup&eacute;rieur.</p>\r\n<p>La cr&eacute;ation de proposition d\'action corrective est accessible directement &agrave; partir de la fen&ecirc;tre de la non conformit&eacute; pour laquelle on veut cr&eacute;er une proposition d\'action corrective. Dans le dernier bloc de la fen&ecirc;tre une liste est mise en place pour afficher les propositions d\'actions correctives d&eacute;j&agrave; cr&eacute;&eacute;es et un bouton de cr&eacute;ation et de suppression (sous forme de plus et d\'une corbeille) sont mis &agrave; disposition.<br />De plus l\'utilisateur qui a cr&eacute;&eacute; une non conformit&eacute; peut la modifier, en double clicant sur celle-ci dans la liste il pourra alors l\'&eacute;diter.</p>',1),(51,37,'<p>Les non conformit&eacute;s ainsi que les propositions d\'action correctives termin&eacute;es, j\'ai cr&eacute;&eacute; la fen&ecirc;tre principale qui permettra de voir les non conformit&eacute;s, de les supprimer, les modifier ou les cr&eacute;er. Cette fen&ecirc;tre comprend une liste qui fait approximativement toute la taille de la fen&ecirc;tre. Elle resence toutes les non conformit&eacute;s, l\'utilisateur a la possibilit&eacute; de les filtrer selon le service, leur &eacute;tat (r&eacute;solue ou non) ect...<br />De plus une non conformit&eacute; est accessible en double cliquant dessus dans la liste, l\'utilisateur peut la supprimer ( si il poss&egrave;de les droits de suppression sur les non conformit&eacute;s ) en cliquant sur le bouton supprimer. Il peut aussi en cr&eacute;er une nouvelle &agrave; l\'aide du bouton \"cr&eacute;er\".</p>\r\n<p>Mme DEBUREAUX m\'a demand&eacute; de mettre en place un syst&egrave;me de droit.</p>\r\n<p><span style=\"text-decoration: underline;\">Concernant la non conformit&eacute; :</span></p>\r\n<p>Seul les utilisateurs du service concern&eacute; par la non conformit&eacute; ont acc&egrave;s &agrave; celle-ci et seul l\'utilisateur ayant cr&eacute;&eacute; la non conformit&eacute; peut la modifier (le ou les responsables eux m&ecirc;me n\'ont pas le droit de modifier une non conformit&eacute; dont ils ne sont pas l\'auteur. Les utilisateurs qui n\'ont pas acc&egrave;s &agrave; certaines non conformit&eacute;s ( par exemple celles dont qui ne sont pas affect&eacute;es &agrave; leur service ) ne les verront pas dans la liste.</p>\r\n<p><span style=\"text-decoration: underline;\">Concernant les propositions d\'action corrective :</span></p>\r\n<p>Seul l\'utlisateur ayant cr&eacute;&eacute; la proposition d\'action corrective peut la modifier, tout autre utilisateur ou m&ecirc;me les responsables du service n\'ont pas la possibilit&eacute; de modifier cette proposition d\'action corrective.&nbsp;</p>',1),(52,37,'<p>La gestion des non conformit&eacute;s termin&eacute;es Mme DEBUREAUX a demand&eacute; &agrave; ce que sur l\'accueil de JARVIS apparaisse un indicateur de r&eacute;solution des non conformit&eacute;s. L\'utilisateur doit pouvoir voir seulement le nombre de non conformit&eacute; r&eacute;solue et non r&eacute;solue concernant son service. J\'ai donc con&ccedil;u une fen&ecirc;tre avec un graphe sur lequel appara&icirc;t un demi cercle. Celui ci repr&eacute;sente une jauge sur laquelle les non conformit&eacute;s r&eacute;solues apparaissent en vert et les autres en rouge. &Agrave; la de Mme DEBUREAUX j\'ai ajout&eacute; une liste qui resence les services concern&eacute;s par les non conformit&eacute;s. Cette liste est accessible seulement pour certain utilisateur ( en l\'occurence seulement ceux qui ont un droit de visualisation sur tout les services ) dans le but de voir les non conformit&eacute;s et leur r&eacute;solution pour chaque service.</p>\r\n<p>J\'ai d&eacute;velopp&eacute; un acc&egrave;s sp&eacute;cifique pour notre pr&eacute;sidente. Elle a maintenant la possibilit&eacute; ( outre de voir toutes les non conformit&eacute;s, sous forme de jauge r&eacute;solues/non r&eacute;solues, pour un service ) de voir l\'ensemble des non conformit&eacute;s r&eacute;solues et non r&eacute;solues pour tous les services sur le m&ecirc;me graphe en forme de demi cercle.&nbsp;&nbsp;</p>',1),(53,37,'<p>Apr&egrave;s avoir finalis&eacute; le d&eacute;veloppement de la solution applicative et avoir trait&eacute; dans le code l\'envoie des emails demand&eacute; par Mme DEBUREAUX, j\'ai proc&eacute;d&eacute; au test complet de la solution. Pour se faire j\'ai cr&eacute;&eacute; une centaine de non conformit&eacute;s factices. Gr&acirc;ce &agrave; cela j\'ai pu tester toutes les fonctionnalit&eacute;s du module. J\'ai resenc&eacute; les &eacute;l&eacute;ments non fonctionnels (envoie d\'email qui ne se jouait pas correctement, un utilisateur pouvait modifier une non conformit&eacute; alors qu\'il n\'en &eacute;tait pas l\'auteur). Une fois les dysfonctionnements corrig&eacute;s Mme DEBUREAUX a convoqu&eacute; les responsables de chaque service afin de leur faire une pr&eacute;sentation du module et leur expliquer &eacute;tape par &eacute;tape le fonctionnement du module. Le fonctionnement du module leur a donc &eacute;tait expliqu&eacute; et j\'ai pu, suite &agrave; cela, d&eacute;ployer le module via une mise &agrave; jour du logiciel JARVIS. Le but &eacute;tant qu\'&agrave; terme les responsables forment eux-m&ecirc;mes leurs subordonn&eacute;s au module et que la saisie des non conformit&eacute;s soit effectu&eacute;e via ce module. Cela repr&eacute;sente un avantage qualitatif qui permettra &agrave; EXPERT RH de se certifier ISO 9001 (certification management de la qualit&eacute;).</p>',1),(54,38,'<p>Mme DEBUREAUX m\'a demand&eacute; de cr&eacute;er une application de gestion des fournisseurs. Cette application doit permettre &agrave; l\'utilisateur de g&eacute;rer les documents relatifs &agrave; chacun de ses fournisseurs ainsi que de les relancer si une anomalie est d&eacute;tect&eacute;e au niveau des documents du fournisseurs. Cette application doit comprendre :</p>\r\n<p><span style=\"text-decoration: underline;\">Caract&eacute;risques principales :</span></p>\r\n<p>&nbsp; &nbsp; - Avoir la possibilit&eacute; de saisir des fournisseurs avec lesquelles la personne, qui utilisera le logiciel, travaille.<br />&nbsp; &nbsp; - Possibilit&eacute; de cr&eacute;er des contacts associ&eacute;s &agrave; un fournisseur et d&eacute;finir quel contact recevra l\'email informant ce fournisseur qu\'une anomalie a &eacute;t&eacute; d&eacute;tect&eacute;e sur un ou plusieurs types de document.<br />&nbsp; &nbsp; - Pouvoir saisir des types de documents (Attestation URSSAF, Extrait KBIS...) qui auront ou non une dur&eacute;e de validit&eacute; et un d&eacute;lai avant de d&eacute;clencher l\'alerte.<br />&nbsp; &nbsp; - Cr&eacute;er un ou plusieurs suivi(s) par fournisseur concernant les types de document ( par exemple l\'utilisateur pourra mettre en place pour le fournisseur A un suivi concernant un type de document B).<br />&nbsp; &nbsp; - Une alerte doit se d&eacute;clencher pour chaque fournisseur auquel un type de document ( sur lequel un suivi a &eacute;t&eacute; pr&eacute;alablement cr&eacute;&eacute; ) est manquant ou qui arrive &agrave; la fin de sa date de validit&eacute;.<br />&nbsp; &nbsp; - Envoi des emails aux fournisseurs en alerte sur un ou plusieurs type(s) de document.<br />&nbsp; &nbsp; - L\'application doit &ecirc;tre multi-utilisateurs.<br />&nbsp; &nbsp; - Possibilit&eacute; de cr&eacute;er des utilisateurs ( pour l\'administrateur )&nbsp; et de g&eacute;rer leur compte.<br />&nbsp; &nbsp; - L\'administrateur doit pouvoir cr&eacute;er des fonctions (qui seront utilis&eacute;es pour la saisie des nouveaux utilisateurs ou pour la saisie des contacts pour un fournisseur donn&eacute;).</p>\r\n<p><span style=\"text-decoration: underline;\">S&eacute;curit&eacute; :</span>&nbsp;<br /><br />&nbsp; &nbsp; - Une gestion des utilisateurs avec un syt&egrave;me d\'authentification.&nbsp;<br />&nbsp; &nbsp; - Le logiciel est scind&eacute; en deux parti : la premi&egrave;re pour les utilisateurs lambda et la seconde pour le ou les administrateurs du logiciel.<br />&nbsp; &nbsp; - L\'administrateur &agrave; la possibilit&eacute; de configurer la structure de l\'email &agrave; envoyer ( template de l\'email ) et de configurer le serveur d\'envoi.<br />&nbsp; &nbsp; - Lors de l\'installation du logiciel si aucun utilisateur existe alors cr&eacute;er le premier compte avec le r&ocirc;le administrateur et cr&eacute;er un super adminstrateur qui n\'appara&icirc;tra nul part dans le logiciel (celui-ci nous permettra de prendre la main &agrave; distance par exemple si les identifiants ont &eacute;t&eacute; perdu pour tous les utilisateurs d\'une quelconque mani&egrave;re).<br />&nbsp; &nbsp; - Lors de la suppression d\'utilisateur dans l\'application, on ne peut pas supprimer un adminstrateur si il n\'en reste qu\'un.<br /><br />&nbsp;</p>',1),(55,38,'<p>J\'ai commenc&eacute; par cr&eacute;er la base de donn&eacute;es en fonction des carat&eacute;ristiques du logiciel. Puis j\'ai con&ccedil;u la page d\'accueil du logiciel (qui servira de HUB : elle centralisera tous les modules int&eacute;gr&eacute;s au logiciel ainsi que la partie utilisateur et administrateur). L\'accueil du logiciel une fois con&ccedil;u, j\'ai cr&eacute;&eacute; deux page : une pour les utilisateurs et une pour les administrateurs accessibles via un bandeau de navigation dans lequel se trouveront tous les modules demand&eacute;s.&nbsp;</p>\r\n<p>Le hub principal &eacute;tant fait j\'ai d&eacute;velopp&eacute; le module de gestion des utilisateurs (cr&eacute;ation, modification et suppression) et l\'ai rendu accessible dans la section administrateur. Un administrateur aura donc la possibilit&eacute; de cr&eacute;er un utilisateur et le promouvoir administrateur ou non. Une fois cela fait j\'ai mis en place le module d\'authentification qui permet de se connecter au logiciel via un identifiant et un mot de passe. Le logiciel lors de la connexion v&eacute;rifie si un utilisateur existe, s\'il n\'y en a pas il propose &agrave; l\'utilisateur de cr&eacute;er le premier compte administrateur. Une fois le premier compte cr&eacute;er elle invite l\'utilisateur &agrave; se connecter. Suite &agrave; cela j\'ai cr&eacute;&eacute; l\'interface de saisi des fonctions (assistant(e) de direction ect...) et de saisi des types de document ainsi que d&eacute;velopp&eacute; les fonctionnalit&eacute;s de ces deux interfaces en me basant sur la pr&eacute;c&eacute;dente analyse du projet.</p>',1),(56,38,'<p>La partie la plus compliqu&eacute; a &eacute;t&eacute; de d&eacute;velopper la gestion des fournisseurs notamment le calcul de fin de validit&eacute; pour un type de document suivi pour un fournisseur. Cette partie a n&eacute;cessit&eacute; de nombreux tests et plusieurs d&eacute;monstration aupr&egrave;s de la direction dans le but de v&eacute;rifier la coh&eacute;rence des calculs et la bonne compr&eacute;hension de ce qui &eacute;t&eacute; attendu. Pour commencer j\'ai cr&eacute;&eacute; une fen&ecirc;tre compos&eacute;e d\'une boite de s&eacute;lection sur la gauche. Cette boite est compos&eacute; de quatre onglets : La fiche fournisseur en elle m&ecirc;me, les contacts, les documents du fournisseur et l\'onglet de suivi de celui-ci.</p>\r\n<p><span style=\"text-decoration: underline;\">L\'onglet \"fiche\" :</span></p>\r\n<p>Il est scind&eacute; en deux parties : Les g&eacute;n&eacute;ralit&eacute;s du fournisseur compos&eacute;es du nom du fournisseur,&nbsp; sa localisation et ses coordonn&eacute;es. La deuxi&egrave;me partie de l\'&eacute;cran est compos&eacute; des types de documents existant. L\'utilisateur a la possibilit&eacute;, sur la deuxi&egrave;me partie, de s&eacute;lectionner ( en cliquant sur la case a coch&eacute; &agrave; droite du type de document ) le type de document &agrave; suivre pour ce fournisseur. Sur chaque type de document nous pouvons voir qu\'il a une dur&eacute;e de validit&eacute; par d&eacute;faut et un d&eacute;lai avant alerte par d&eacute;faut. Ces d&eacute;lais correspondent &agrave; ceux param&eacute;tr&eacute;s directement dans le param&eacute;trage des types de documents disponible dans la partie administration du logiciel. L\'utilisateur &agrave; quand m&ecirc;me la possibilit&eacute; de ne pas utiliser les dur&eacute;es par d&eacute;faut en remplissant la \"dur&eacute;e de validit&eacute;\" &agrave; droite de \"dur&eacute;e de validit&eacute; (par d&eacute;faut)\", de m&ecirc;me pour le d&eacute;lai avant alerte.</p>\r\n<p>Une fois cela fait et le type de document suivi, le logiciel va v&eacute;rifier dans les documents existant si un document de ce type existe et si sa date de fin de validit&eacute; est toujours bonne. Pour avoir une date de fin de validit&eacute; il est n&eacute;cessaire d\'ajouter un document via l\'onglet \"document\". J\'ai mis en place pour les types de document suivi une alerte sous forme de panneau attention pour indiquer qu\'un type de document pr&eacute;sente une anomalie.</p>\r\n<p><span style=\"text-decoration: underline;\">L\'onglet \"documents\" :</span></p>\r\n<p>Il resence tous les documents associ&eacute;s au fournisseur. Nous pouvons via cette onglet cr&eacute;&eacute; un document, le modifier ou le supprimer.</p>\r\n<p><span style=\"text-decoration: underline;\">L\'onglet \"contacts\" :</span></p>\r\n<p>Cet onglet affiche une liste de tous les contacts. Via celui ci nous pouvons aussi cr&eacute;er, supprimer ou modifier un contact. Lors de la cr&eacute;ation une case sur la fiche du contact nomm&eacute; \"contact par d&eacute;faut\" est pr&eacute;sente. Elle sert &agrave; renseigner si le contact sera s&eacute;lectionn&eacute; lors de l\'envoi de l\'email informant le fournisseur d\'une anomalie sur un type de document.</p>\r\n<p><span style=\"text-decoration: underline;\">Exemple :</span></p>\r\n<p>Sur les photos ci-dessous j\'affecte le suivi pour le type \"Attestaion sur l\'honneur\" pour le fournisseur. Aucun document de ce type n\'existe donc un panneau d\'alerte est visible &agrave; c&ocirc;t&eacute; du libell&eacute; du type de document. Ensuite je vais dans l\'onglet document pour cr&eacute;er un document de ce type, il appara&icirc;t alors dans la liste des document du fournisseur. Dans l\'onglet g&eacute;n&eacute;ralit&eacute; le panneau a disparu car le document existe. Sa date est du 02/03/2020. Le type de document \"Attestation sur l\'honneur\" a une dur&eacute;e de validit&eacute; de 180 jours et un d&eacute;lai avant alerte de 0 jour. Le 02/03/2020 + 180 jours donne une date de fin de validit&eacute; au 29/08/2020. Le document est donc toujours valide.</p>\r\n<p>Cependant sur la photo suivante j\'affecte une date de validit&eacute; de une journ&eacute;e avec un d&eacute;lai avant alerte d\'une journ&eacute;e. La date du document &eacute;tant du 02/03/2020 la date de fin de validit&eacute; est maintenant calcul&eacute; au 03/03/2020. Le document est donc valide &agrave; l\'heure o&ugrave; j\'&eacute;cris. Cependant j\'ai d&eacute;finit un d&eacute;lai avant alerte d\'une journ&eacute;e, l\'alerte se d&eacute;clenche donc une journ&eacute;e avant la date de fin de validit&eacute; qui est le 03/03/2020 et donc le document n\'est plus valable et l\'alerte appara&icirc;t.</p>\r\n<p>&nbsp;</p>',1),(57,38,'<p>Le coeur du logiciel maintenant fonctionnel ( le calcul des dates de fin de validit&eacute; d&#39;un type de document suivi ), Mme DEBUREAUX m&#39;a demand&eacute; de cr&eacute;er sur l&#39;accueil des listes permettant &agrave; l&#39;utilisateur de voir quels fournisseurs sont en alerte. J&#39;ai donc plac&eacute; deux listes sur l&#39;&eacute;cran d&#39;accueil, la premi&egrave;re (celle de gauche) resence tous les fournisseurs pour lesquels une anomalie a &eacute;t&eacute; d&eacute;tect&eacute;e peut importe le type de document en alerte. La seconde fen&ecirc;tre permet de voir le nombre de fournisseur en alerte pour chaque type de document.</p>\r\n\r\n<p>Le double clique sur la premi&egrave;re fen&ecirc;tre ouvre la fen&ecirc;tre du fournisseur en alerte et le double clique sur la fen&ecirc;tre de droite ouvre une fen&ecirc;tre listant tous les fournisseurs en alerte pour le type de document s&eacute;lectionn&eacute;/double cliqu&eacute;.</p>',1),(58,38,'<p>Les listes de la page d\'accueil, cit&eacute;es ci-dessus, sont aussi l&agrave; afin de cr&eacute;er les relances. Lorsque l\'utilisque effectue un clique droit sur un fournisseur list&eacute; dans l\'une ou l\'autre, une option nomm&eacute;e \"Cr&eacute;er une relance\" appara&icirc;t. Une que l\'utilisateur a cliqu&eacute; sur cette option une nouvelle fen&ecirc;tre appara&icirc;t dans laquelle nous pouvons voir les contacts du fournisseur ( ceux qui ont &eacute;t&eacute; coch&eacute;s comme &eacute;tant des contacts par d&eacute;faut ) &agrave; relancer. Lorsque l\'on valide la relance, une relance est automatiquement cr&eacute;&eacute;r dans l\'onglet suivi de la fiche du fournisseur et un email est envoy&eacute; au(x) contact(s) s&eacute;lectionn&eacute;(s) lors de la relance.</p>\r\n<p>La relance cr&eacute;&eacute; dans l\'onglet suivi resence les types de documents manquants ou dont la fin de validit&eacute; est d&eacute;pass&eacute;e pour ce fournisseur ainsi que les personnes contact&eacute;es et la date de la relance. De m&ecirc;me le corps de l\'email qui est envoy&eacute; au(x) contact(s) resence les types de documents qui sont en anomalie. Ainsi une fois le fournisseur inform&eacute; il doit nous renvoyer les nouveaux documents pour les mettre &agrave; jour et donc recalculer la date de fin de validit&eacute; de chaque type de document.</p>',1),(60,39,'test',1);
/*!40000 ALTER TABLE `situation_details` ENABLE KEYS */;
UNLOCK TABLES;

--
-- Table structure for table `situation_details_competences`
--

DROP TABLE IF EXISTS `situation_details_competences`;
/*!40101 SET @saved_cs_client     = @@character_set_client */;
/*!40101 SET character_set_client = utf8 */;
CREATE TABLE `situation_details_competences` (
  `situation_details_id` int(11) NOT NULL,
  `competences_id` int(11) NOT NULL,
  PRIMARY KEY (`situation_details_id`,`competences_id`),
  KEY `IDX_C3E04F87EA1FCE54` (`situation_details_id`),
  KEY `IDX_C3E04F87A660B158` (`competences_id`),
  CONSTRAINT `FK_C3E04F87A660B158` FOREIGN KEY (`competences_id`) REFERENCES `competences` (`id`) ON DELETE CASCADE,
  CONSTRAINT `FK_C3E04F87EA1FCE54` FOREIGN KEY (`situation_details_id`) REFERENCES `situation_details` (`id`) ON DELETE CASCADE
) ENGINE=InnoDB DEFAULT CHARSET=utf8 COLLATE=utf8_unicode_ci;
/*!40101 SET character_set_client = @saved_cs_client */;

--
-- Dumping data for table `situation_details_competences`
--

LOCK TABLES `situation_details_competences` WRITE;
/*!40000 ALTER TABLE `situation_details_competences` DISABLE KEYS */;
INSERT INTO `situation_details_competences` VALUES (32,5),(32,25),(32,40),(32,49),(39,4),(39,28),(39,30),(39,31),(40,29),(40,34),(40,42),(41,29),(41,31),(41,32),(41,34),(45,29),(45,34),(45,35),(46,4),(47,30),(47,31),(47,34),(48,29),(48,30),(48,31),(48,34),(49,29),(49,30),(50,29),(50,30),(50,34),(51,11),(51,29),(51,34),(52,29),(52,34),(53,14),(53,15),(53,19),(53,35),(54,4),(55,29),(55,30),(55,34),(56,29),(56,34),(56,35),(57,29),(57,34),(58,29),(58,34),(60,36);
/*!40000 ALTER TABLE `situation_details_competences` ENABLE KEYS */;
UNLOCK TABLES;

--
-- Table structure for table `situation_referentiel`
--

DROP TABLE IF EXISTS `situation_referentiel`;
/*!40101 SET @saved_cs_client     = @@character_set_client */;
/*!40101 SET character_set_client = utf8 */;
CREATE TABLE `situation_referentiel` (
  `situation_id` int(11) NOT NULL,
  `referentiel_id` int(11) NOT NULL,
  PRIMARY KEY (`situation_id`,`referentiel_id`),
  KEY `IDX_E5BF1E93408E8AF` (`situation_id`),
  KEY `IDX_E5BF1E9805DB139` (`referentiel_id`),
  CONSTRAINT `FK_E5BF1E93408E8AF` FOREIGN KEY (`situation_id`) REFERENCES `Situation` (`id`) ON DELETE CASCADE,
  CONSTRAINT `FK_E5BF1E9805DB139` FOREIGN KEY (`referentiel_id`) REFERENCES `referentiel` (`id`) ON DELETE CASCADE
) ENGINE=InnoDB DEFAULT CHARSET=utf8 COLLATE=utf8_unicode_ci;
/*!40101 SET character_set_client = @saved_cs_client */;

--
-- Dumping data for table `situation_referentiel`
--

LOCK TABLES `situation_referentiel` WRITE;
/*!40000 ALTER TABLE `situation_referentiel` DISABLE KEYS */;
INSERT INTO `situation_referentiel` VALUES (21,2),(21,4),(22,2),(22,5),(23,2),(37,2),(37,5),(38,2),(38,4),(39,2),(39,3),(40,3);
/*!40000 ALTER TABLE `situation_referentiel` ENABLE KEYS */;
UNLOCK TABLES;

--
-- Table structure for table `user`
--

DROP TABLE IF EXISTS `user`;
/*!40101 SET @saved_cs_client     = @@character_set_client */;
/*!40101 SET character_set_client = utf8 */;
CREATE TABLE `user` (
  `id` int(11) NOT NULL AUTO_INCREMENT,
  `firstname` varchar(255) COLLATE utf8_unicode_ci NOT NULL,
  `lastname` varchar(255) COLLATE utf8_unicode_ci NOT NULL,
  `username` varchar(255) COLLATE utf8_unicode_ci NOT NULL,
  `email` varchar(255) COLLATE utf8_unicode_ci NOT NULL,
  `password` varchar(255) COLLATE utf8_unicode_ci NOT NULL,
  `isActive` tinyint(1) NOT NULL,
  `description` longtext COLLATE utf8_unicode_ci DEFAULT NULL,
  `lastConnexion` date DEFAULT NULL,
  `roles` longtext COLLATE utf8_unicode_ci NOT NULL COMMENT '(DC2Type:array)',
  `registerKey` longtext COLLATE utf8_unicode_ci DEFAULT NULL,
  PRIMARY KEY (`id`),
  UNIQUE KEY `UNIQ_8D93D649F85E0677` (`username`),
  UNIQUE KEY `UNIQ_8D93D649E7927C74` (`email`)
) ENGINE=InnoDB AUTO_INCREMENT=5 DEFAULT CHARSET=utf8 COLLATE=utf8_unicode_ci;
/*!40101 SET character_set_client = @saved_cs_client */;

--
-- Dumping data for table `user`
--

LOCK TABLES `user` WRITE;
/*!40000 ALTER TABLE `user` DISABLE KEYS */;
INSERT INTO `user` VALUES (2,'CHU VAN','Jimmy','Sauron','webmasterInterfor@gmail.com','$2y$13$DDchf/ZGNxLip46lNjv0I.V1Agq9MkF3GHYHytn1VCkgs/xdTaBve',1,'<p>Je suis actuellement alternant au sein d&#39;une soci&eacute;t&eacute; nomm&eacute;e&nbsp;<strong>Expert RH&nbsp;</strong>en qualit&eacute; d&#39;assistant d&eacute;veloppeur dans le cadre d&#39;un Brevet de Technicien Sup&eacute;rieur Solutions Logiciels Appliqu&eacute;s aux M&eacute;tiers (SLAM). Sous la responsabilit&eacute; de M GORLIER, mon formateur, nous d&eacute;veloppons les logiciels r&eacute;pondant aux besoins de nos colaborateurs et &agrave; l&#39;optimisation de leurs travails.<br />\r\n<br />\r\nExpert RH se concentre principalement sur&nbsp;<u>trois activit&eacute;s :</u></p>\r\n\r\n<p>&nbsp; &nbsp; &nbsp; -&nbsp;La D&eacute;mat&eacute;rialisation de documents RH et archivage (GED)&nbsp;<br />\r\n&nbsp; &nbsp; &nbsp; -&nbsp;La Paie&nbsp;<br />\r\n&nbsp; &nbsp; &nbsp; -&nbsp;La Formation<br />\r\n<br />\r\nLe service dans lequel nous sommes bas&eacute;s, Gestion Electronique des Documents (GED), rencontre diverses missions qui, parmi les plus communes, sont de trouver des solutions logiciels afin de r&eacute;pondre &agrave; une demande pr&eacute;cise de la part de nos collaborateurs ou de cr&eacute;er des solutions innovantes dans le but d&#39;optimiser leurs travails mais aussi de permettre &agrave; l&#39;entreprise de tendre vers une d&eacute;mat&eacute;rialisation totale dans le cadre de sa responsabilit&eacute; soci&eacute;tale.</p>',NULL,'a:1:{i:0;s:10:\"ROLE_ADMIN\";}',NULL),(3,'Rico','José','Pseudo','j.rico@orange.fr','$2y$13$UAiYpOoVxpqm16LXnYu9Fue/n8c9Cu3qs5xS38/LK1vMlrODW2WcG',1,NULL,NULL,'a:1:{i:0;s:9:\"ROLE_USER\";}',NULL),(4,'test','test','saurontest','sauronlemaudit@gmail.com','$2y$13$zycTrzYLXkVvkZWDK8xVbOv0rLLMVM4QB5sDAbG/9ltehrdpK.cnq',1,NULL,NULL,'a:1:{i:0;s:9:\"ROLE_USER\";}',NULL);
/*!40000 ALTER TABLE `user` ENABLE KEYS */;
UNLOCK TABLES;
/*!40103 SET TIME_ZONE=@OLD_TIME_ZONE */;

/*!40101 SET SQL_MODE=@OLD_SQL_MODE */;
/*!40014 SET FOREIGN_KEY_CHECKS=@OLD_FOREIGN_KEY_CHECKS */;
/*!40014 SET UNIQUE_CHECKS=@OLD_UNIQUE_CHECKS */;
/*!40101 SET CHARACTER_SET_CLIENT=@OLD_CHARACTER_SET_CLIENT */;
/*!40101 SET CHARACTER_SET_RESULTS=@OLD_CHARACTER_SET_RESULTS */;
/*!40101 SET COLLATION_CONNECTION=@OLD_COLLATION_CONNECTION */;
/*!40111 SET SQL_NOTES=@OLD_SQL_NOTES */;

-- Dump completed on 2020-03-14 17:54:29
